用户,文本内容,图片,视频,采集日期
人民日报,【习近平宣布：#港珠澳大桥正式开通#】港珠澳大桥开通仪式23日上午在广东珠海举行。习近平出席仪式并宣布大桥正式开通。港珠澳大桥跨越伶仃洋，东接香港，西接广东珠海和澳门，总长约55公里，是粤港澳三地首次合作共建的超大型跨海交通工程。 67,1540288624526.jpg/1540288624527.jpg/1540288624528.jpg/1540288624530.jpg/1540288624532.jpg/1540288624533.jpg/1540288624534.jpg/1540288624535.jpg/1540288624537.jpg/,,2018-10-23
央视新闻,#桥通港珠澳#【震撼！180秒视频，带你回顾港珠澳大桥9年建设】2009年12月，港珠澳大桥正式开工建设；2010年8月，珠澳口岸人工岛填海工程抛石出水；2011年5月，西人工岛首个大型钢圆管振沉……今天，港珠澳大桥正式开通，明天上午9时将正式通车运营！戳↓看大桥9年建设，向超级工程建设者致敬！L央视新闻的秒拍视频 收起全文d,,1540288624541.mp4,2018-10-23
人民日报,【中国“超级工程”！港珠澳大桥技术牛在哪？】#港珠澳大桥正式开通#，长达55公里的桥，究竟怎么建？在大海里建两座10万平方米的人工岛，怎么做到的？用巨型沉管建6.7公里海底隧道，每个标准管节重约8万吨，如何沉降？戳视频↓↓看“基建狂魔”怎么解决这些“世界性难题”。L人民日报的秒拍视频点赞！ 67,,1540288624545.mp4,2018-10-23
,港珠澳大桥开通仪式23日上午在广东珠海举行。习近平出席仪式并宣布大桥正式开通。港珠澳大桥跨越伶仃洋，东接香港，西接广东珠海和澳门，总长约55公里...,,,2018-10-23
,67港珠澳大桥开通仪式于23日上午在广东珠海举行。习近平出席仪式并宣布大桥正式开通。港珠澳大桥跨越伶仃洋，东接香港，西接广东珠海和澳门，总长约55公里...,,,2018-10-23
,10月24日上午9时港珠澳大桥将正式通车运营！02港珠澳大桥――全长55公里，是世界最长的跨海大桥，将于10月23日上午9时在港珠澳大桥珠海口岸旅检大楼举行开通仪式...,,,2018-10-23
短发V,一张超长的图带你领略珠港澳大桥―世界第一跨海大桥的雄姿！『港珠澳大桥正式开通：一图看懂港珠澳大桥』O网页链接 67,,,2018-10-23
赵卓文,发表了博文《港珠澳大桥开通，催热珠江西岸房地产》港珠澳大桥开通，催热珠江西岸房地产赵卓文（广州市同创卓越房地产投资顾问有限公司总经理）港珠澳大桥于23日举行开通仪式，24日正式通车。这项备受瞩目的世界O港珠澳大桥开通，催热珠江西岸房地产 67,,,2018-10-23
请叫我西西比,发布了头条文章：《振奋人心！港珠澳大桥通车在即，绝美风光提前看#港珠澳大桥正式开通#》  O振奋人心！港珠澳大桥通车在即，绝美风光提前看#港珠澳大桥正式开通# 67,,,2018-10-23
1986rosemary,#港珠澳大桥正式开通#厉害了我的国 2漳州 ・ 霞寨镇 L1986rosemary的微博视频 67,,1540288624557.mp4,2018-10-23
zhtangtang,时间太短，天涯太远，珠海刚好#港珠澳大桥正式开通# 67,1540288624563.jpg/1540288624563.jpg/1540288624567.jpg/1540288624569.jpg/1540288624572.jpg/1540288624574.jpg/1540288624577.jpg/1540288624581.jpg/1540288624582.jpg/,,2018-10-23
中新视频,【#中华白海豚# 海面欢腾献舞“贺”港珠澳大桥 正式开通】10月23日上午10时，港珠澳大桥正式开通后，正在东人工岛附近水域值守警戒的广东海事局海巡船与数头中华白海豚不期而遇，5头海豚从海巡船头向大桥方向欢腾起舞。  (郭军 梁宗盛)L中新视频的秒拍视频 67,,1540288624588.mp4,2018-10-23
中国侨都-新会三江,【正式开通】震撼航拍来了！你好，港珠澳大桥！O网页链接 67,,,2018-10-23
小柴犬嘟噜噜,#港珠澳大桥正式开通##港珠澳大桥正式通车# L小柴犬嘟噜噜的微博视频 67,,1540288624597.mp4,2018-10-23
汝州发布,【中国那些事儿】港珠澳大桥正式开通 外媒：为地区发展带来新希望 - 中国日报网  O【中国那些事儿】港珠澳大桥正式开通 外媒：为地区发展带来新希望 67,1540288624603.jpg/,,2018-10-23
w天伙屎,世界之最 #港珠澳大桥#  正式开通！959390 Lw天伙屎的秒拍视频 67,,1540288624608.mp4,2018-10-23
耳机帝,#港珠澳大桥正式开通# 明天我要上去走走 2深圳・广东・珠海 67,1540288624611.jpg/,,2018-10-23
香港资本,今天港珠澳大蛘式_通，看不出ξ硐愀劢有多大椭，因橄愀劢煌ū硪呀很l_了。未聿恢道，只知道今天港股一下子跌了超^800c，一小股慕o大虻涠Y曾d。 67,,,2018-10-23
中国台湾网,"【习近平出席开通仪式并宣布港珠澳大桥正式开通】一桥连三地，天堑变通途。港珠澳大桥开通仪式23日上午在广东省珠海市举行。中共中央总书记、国家主席、中央军委主席习近平出席仪式，宣布大桥正式开通并巡览大桥，代表党中央向参与大桥设计、建设、管理的广大人员表示衷心的感谢、致以诚挚的问候。O习近平出席开通仪式并宣布港珠澳大桥正式开通-新华网
  收起全文d",1540288624615.jpg/,,2018-10-23
DreamFind梦飞翔,#港珠澳大桥正式开通#港珠澳大桥通车在即，这份攻略请收藏！您想了解的，都在这里了！ O有一种兜风叫到港珠澳大桥去兜风！港珠澳大桥最强“兜风”指南来了 67,,,2018-10-23
EP中国电力展,#港珠澳大桥# 于今天上午在广东珠海举行开通仪式，大桥正式开通了！港珠澳也即将形成“一小时生活圈”。港珠澳大桥的开通，这家EP电力展展商可是贡献多多哦~猛戳详情→O网页链接 67,1540288624619.jpg/,,2018-10-23
一骑飞雪,七绝贺港珠澳大桥正式开通一桥飞架势若虹恰似巨龙越海空血脉相连筑奇迹同心哿Υ捶比伲ㄅ渫/经济之声） 67,1540288624622.jpg/1540288624623.jpg/1540288624625.jpg/1540288624626.jpg/1540288624628.jpg/1540288624629.jpg/1540288624629.jpg/1540288624632.jpg/1540288624633.jpg/,,2018-10-23
LESSO联塑官微,跨过山河大海，只为联结你我！联sir祝贺#港珠澳大桥正式开通#啦！ 这座连接粤港澳三地的超大型跨海大桥，足以载入史册！ 67,1540288624637.jpg/,,2018-10-23
珠海司法,发布了头条文章：《港珠澳大桥正式开通啦~一起去看看吧！》  O港珠澳大桥正式开通啦~一起去看看吧！ 67,,,2018-10-23
信通小熊猫,港珠澳大桥今天正式开通，全程55公里，手机信号满格，全靠华为基站提供强劲信号覆盖 67,,,2018-10-23
海边的天空1160266503,港珠澳大桥正式开通！959595震撼9191911983年构思，2009年动工，耗时9年全长约55公里，6.7公里海底隧道224个桥墩，7座塔桥伟大的祖国，伟大的工程纪念这一历史性时刻！为中国骄傲[得意] L海边的天空1160266503的微博视频 67,,1540288624642.mp4,2018-10-23
用户6481995659,【港珠澳大桥】2018年10月24日港珠澳大桥正式开通。五十五公里跨海大桥，七公里海底隧道；中国建设者们历经14年时光，奉献了5110多个日夜共同铸就了这一伟大奇迹，标志着我国在基础设施建设上的又一重大进步。 676767,1540288627308.jpg/1540288627308.jpg/1540288627310.jpg/1540288627311.jpg/1540288627313.jpg/1540288627315.jpg/1540288627315.jpg/1540288627318.jpg/1540288627318.jpg/,,2018-10-23
木g哇啦boy,#港珠澳大桥正式开通#香港和大陆方向盘左右不一样，要撞着开吗 67,,,2018-10-23
谁是谁ii,奇迹成就未来，碧海已变通途！港珠澳大桥，从1983年构思，2009年动工用了9年时间，全长约55公里，花费1100亿元，2018年10月23日终于建成通车了。959695港珠澳大桥正式开通959695 2西宁 ・ 共和 67,1540288627324.jpg/1540288627324.jpg/1540288627328.jpg/1540288627331.jpg/1540288627333.jpg/1540288627335.jpg/1540288627338.jpg/1540288627340.jpg/1540288627345.jpg/,,2018-10-23
财约你,#港珠澳大桥正式开通# 【港珠澳大桥到底有多重要？】“一桥拉动，珠三角西部棋子全盘皆活。” 今后，香港、珠海、澳门三地间的时空距离将大大缩短――驾车从香港到珠海、澳门，将从3小时缩短至45分钟，珠三角西部都将被纳入香港3小时车程范围，在给三地人民带来便利的同时，珠江“东岸压倒西岸”的现状能否改变也是有待证明的问题……（来源：自贸试验区报道） O港珠澳大桥到底有多重要？ 收起全文d,,,2018-10-23
东林逸士,港珠澳大桥正式开通 一图纵览伶仃洋天堑变通途    “新世界七大奇迹”之一，名至实归！厉害了，我的国！无论如何都要驾车上桥去看看！ O港珠澳大桥正式开通 一图纵览伶仃洋天堑变通途 67,,,2018-10-23
二货V道士,#港珠澳大桥正式开通#政治压题一波：改革开放吧，今年海南全面开放和珠海新区都怎么火，加上这个港珠澳大桥时代性时刻！ 2衢州・衢州学院 67,1540288627353.jpg/,,2018-10-23
烟霞仙居,世界奇迹――地理标志，载入史册……港珠澳大桥正式开通《南粤女声》南粤女声O网页链接 67,1540288627358.jpg/,,2018-10-23
最zui电影,#港珠澳大桥正式开通##港珠澳大桥# 大美河山联系在一起非常期待上桥体验粤港澳大湾区一小时生活圈来啦感谢为港珠澳大桥奋战的人们LFM825-龙小虾的秒拍视频 67,,1540288627367.mp4,2018-10-23
用户6578041919,《港珠澳大桥今日正式开通！大湾区时代来了》好看视频-天天现金领不停O网页链接 67,1540288627371.jpg/,,2018-10-23
广东交通频道,【一切准备就绪，静待10月24日09:00通车】 10月24日上午9时，#港珠澳大桥将正式通车#运营。它是超级跨海工程主体工程，集桥、岛、隧于一体，它是世界最长的跨海大桥，总长约55公里，120年设计使用寿命。期待#港珠澳大桥正式开通# @广东发布 @平安南粤 @广东交警 @广东共青团  @中国广州发布 @广州交通  @央视新闻 @新华视点 @人民日报  @澎湃新闻 @新快报 @触电新闻 @新浪广东 @中国交通频道 @活力广东 收起全文d,1540288627376.jpg/1540288627376.jpg/1540288627379.jpg/1540288627380.jpg/1540288627382.jpg/1540288627384.jpg/1540288627385.jpg/1540288627388.jpg/1540288627392.jpg/,,2018-10-23
中聋网,#港珠澳大桥正式开通#祝贺港珠澳大桥开通！从此方便了三市往来，促进了经济发展，为中国增添了一处壮丽的景观。 67,,,2018-10-23
新闻大连,【围观！第一辆驶上港珠澳大桥的大巴是Ta！】2018年10月23日，港珠澳大桥正式开通，中央广播电视总台的双层巴士，成为行驶在港珠澳大桥上的第一辆大巴车。完成了出境大厅的通关手续之后，大巴穿过港珠澳大桥收费站，就正式进入了大桥主体部分。这是港珠澳大桥唯一一座收费站，去往香港方向先收费，而由香港过来的车后收费。过了收费站，大巴分别会经过九洲航道桥、江海航道桥和青州航道桥。再向前，港珠澳大桥会通过大桥西人工岛，大桥将从这里转入海底隧道。港珠澳大桥采用的是“海中桥隧”方案。西人工岛是主体桥梁和海底隧道的转换平台，还同时起到以桥梁养护、救援、办公等作用。穿过5664米的海底隧道，就抵达了海底隧道的出口东人工岛。东人工岛为集交通、管理、服务、救援和观光功能为一体的综合运营中心，将来还会开放游客观景功能……L央视新闻的微博视频 收起全文d,,1540288627401.mp4,2018-10-23
共青团福建省委,【重磅！今天，港珠澳大桥正式开通！】①它是世界建筑史上里程最长、投资最多、施工难度最大；②它是最长的跨海大桥，全长55公里；③它从设计到建设前后历时14年之久；④被国外媒体报评为“新的世界七大奇迹”之一。戳图了解↓↓一起见证中国的“世纪工程”！ 67,1540288627407.jpg/1540288627411.jpg/1540288627413.jpg/1540288627415.jpg/1540288627419.jpg/1540288627420.jpg/1540288627421.jpg/1540288627424.jpg/1540288627427.jpg/,,2018-10-23
杰森斯坦森印,#港珠澳大桥正式开通# 中国速度，中国制造，中国品质 L杰森斯坦森印的秒拍视频 67,,1540288627431.mp4,2018-10-23
WweiSiew巍,太震撼！港珠澳大桥正式开通，戳图一起领略大桥的震撼景象↓武功县2咸阳 ・ 普集镇 67,1540288627435.jpg/,,2018-10-23
广东交通频道,【畅行港珠澳，他们一路护航】#港珠澳大桥正式开通# @广东发布 @平安南粤 @广东交警 @广东共青团  @中国广州发布 @广州交通  @央视新闻 @新华视点 @人民日报  @澎湃新闻 @新快报 @触电新闻 @新浪广东 @中国交通频道 @活力广东 67676767 @珠海发布 @珠海公安 @珠海交警 67,1540288627439.jpg/1540288627439.jpg/1540288627441.jpg/1540288627443.jpg/1540288627445.jpg/1540288627446.jpg/,,2018-10-23
无敌刘嘉,#港珠澳大桥正式开通#号外号外，向大桥建设者致敬。 2珠海 67,,,2018-10-23
国资小新,【与港珠澳大桥如影随形，这座看不见的桥你知道吗？】#港珠澳大桥正式开通# 中国铁塔作为无线通信网络建设主体，采用C-RAN组网、单芯双向复用等技术，100%共享桥体、机房、管道、电力等资源以及公安800M数字集群系统，完成跨海大桥、海底隧道、人工岛及连接线等不同主体网络建设，高标准提供了无线、室分、传输、电力和机房配套等全专业一体化综合解决方案，且较传统模式造价下降66%，建设周期缩短65天。 收起全文d,,,2018-10-23
中国广州发布,#港珠澳大桥开通#【厉害了！港珠澳大桥正式开通 白海豚前来报喜！】2018年10月23日，港珠澳大桥正式开通！上午10点30分左右，广东海事局海巡船在行驶至伶仃航道水域附近时，与数头中华白海豚不期而遇！L触电新闻的秒拍视频 #港珠澳大桥将正式通车# #桥通港珠澳# 67,,1540288627456.mp4,2018-10-23
中新视频,【港珠澳大桥 正式开通 深化粤港澳三地之间的合作】从2009年到2018年，历时9年时间，港珠澳大桥正式建成。大桥的顺利建成，是粤港澳合作的成功范例，也为大湾区建设奠定良好基。自此，珠三角真正成为一个完整的三角形。（记者 刘礼麒）L中新视频的秒拍视频 67,,1540288629952.mp4,2018-10-23
中新经纬,【#港珠澳大桥正式开通# 请收下这份通行攻略】今后，香港、珠海、澳门三地间的时空距离将极大缩短，从香港到珠海澳门仅需30分钟的车程。从设计到建设，港珠澳大桥前后共历时多久？有哪些车可以通行，收费情况又是如何？珠海、港澳间往返，如何通关？一起了解 67,,,2018-10-23
洛阳同城会,#洛阳身边事#【自豪！洛阳制造为港珠澳大桥建成开通起到巨大作用】今日，港珠澳大桥正式开通。港珠澳大桥跨越伶仃洋、东接香港西接广东珠海和澳门，总长约55公里，是粤港澳三地首次合作共建的超大型跨海交通工程。令我们洛阳人骄傲的是，洛阳制造为该大桥的建成开通起到巨大作用。该桥使用了洛阳双瑞特种装备有限公司研发生产的158个“桥梁关节”――特种减隔震耐蚀桥梁支座，能让港珠澳大桥抵御16级台风、8级地震，以及30万吨巨轮撞击。 收起全文d,,,2018-10-23
孩子学习那些事儿,刚刚！港珠澳大桥正式开通 伶仃洋上白海豚来报喜！ L孩子学习那些事儿的秒拍视频 67,,1540288629958.mp4,2018-10-23
中宏网新闻,【港珠澳大桥正式开通：设计使用寿命120年 能抗台风16级】港珠澳大桥是目前内地建设标准最高的桥梁，设计使用寿命120年，抗台风16级，主梁用钢达42万吨(可建60座埃菲尔铁塔)，桥墩共计224个，浅水区桥墩间距85米，深水区桥墩间距110米。 L中宏网新闻的秒拍视频 67,,1540288629961.mp4,2018-10-23
澳门威尼斯人,#澳门威尼斯人#热烈祝贺#港珠澳大桥正式开通#一桥飞架伶仃洋，连接香港、澳门、珠海三地，承载了无数期待与感动。感谢港珠澳大桥，又一次拉近了大家和小威的距离！厉害了，我的国 67676767,1540288629964.jpg/,,2018-10-23
小央视频,#港珠澳大桥正式开通#  【港珠澳大桥迎来通车 央视记者独家带您一镜穿越】港珠澳大桥跨越伶仃洋，东接香港特别行政区，西接广东省珠海市和澳门特别行政区，是在“一国两制”框架下、粤港澳三地首次合作建设的超大型跨海交通工程，全长约55公里。其中，主体工程包括22.9公里的桥梁、6.7公里的海底隧道以及连接隧道和桥梁的东西人工岛。大桥将在2018年10月24日正式通车运营，央视记者在通车之前独家全程穿越港珠澳大桥，带您一镜跨越伶仃洋，连通港珠澳。直播中国  @央视网  L小央视频的秒拍视频 收起全文d,,1540288629967.mp4,2018-10-23
枣庄正能量,#港珠澳大桥正式开通# 这就是港珠澳大桥，速度来围观！ 微博视频 67,,,2018-10-23
山东高速交警沂源大队,港珠澳大桥正式开通L公安部交通安全微发布的秒拍视频（上#秒拍#看我的最新短视频，下载秒拍->O网页链接） 67,,1540288629971.mp4,2018-10-23
美女丨妖精,#港珠澳大桥正式开通#  热烈祝贺港珠澳大桥全线通车，这是人类历史上的一次突破，也是彰显中国实力的一大事件。未来我们的跨海造桥技术会越来越成熟，我们国家的综合实力也会越来越强，希望国人们少点闹骚，多点正能量。 67,,,2018-10-23
被风筝追的小女孩,果然啊 不露脸好看#热门话题##港珠澳大桥正式开通# 2敦化 ・ 胜利街区 67,,,2018-10-23
海豚TV官博,#港珠澳大桥正式开通# 港珠澳大桥有多牛？一图读懂！了解一下 67,1540288629976.jpg/,,2018-10-23
小八扒科技,港珠澳大桥今天正式开通啦！站在上帝视角看这座跨海大桥是种什么体验？L科技黎明说的秒拍视频video by 小米无人机 67,,1540288629981.mp4,2018-10-23
宜兴发布,#高质量发展看江苏# 从设计到建设前后历时14年，又一座世界级桥梁――港珠澳大桥今天宣布正式开通，明天起将全面通车！举国欢庆的盛事，更是宜兴人值得骄傲的大事！1、远东电缆有限公司在港珠澳大桥建设中提供智能交通电缆，全面应用于港珠澳大桥主体工程交通工程的照明、供配电以及收费通信综合中心的相关设施；2、江苏沪宁钢机股份有限公司承建港珠澳大桥珠澳口岸主体建筑的钢结构工程。 收起全文d,,,2018-10-23
新华网,【港珠澳大桥之“最”】今天，跨越伶仃洋的港珠澳大桥正式开通，作为九年磨一剑的“世纪工程”，港珠澳大桥取得了多方面的突破，也是粤港澳三地首次合作共建的超大型跨海交通工程。快来看看看港珠澳大桥到底有多牛吧！ 67,1540288629988.jpg/1540288629988.jpg/1540288629990.jpg/1540288629991.jpg/1540288629993.jpg/1540288629994.jpg/1540288629999.jpg/1540288630000.jpg/1540288630003.jpg/,,2018-10-23
star3707,#港珠澳大桥#明天正式开通，哇塞，这两天都在报道这一大事，或许有机会我也坐着小车感受一下！ 67,,,2018-10-23
西乡塘区共青团,#桥通港珠澳#【港珠澳大桥开通仪式今天在珠海举行 明天将正式通车】港珠澳大桥开通仪式23日上午在广东珠海举行。明天（24日）上午9点正式通车。一桥飞架粤港澳，天堑变通途。届时，全国人民将共同见证这个“超级工程”通车的历史性一刻！港珠澳三地怎么上桥？什么车可以上桥？戳视频↓↓via@广西新闻频道   L广西新闻频道的秒拍视频 收起全文d,,1540288630020.mp4,2018-10-23
马研网,【习近平出席开通仪式并宣布港珠澳大桥正式开通】10月23日上午，港珠澳大桥开通仪式在广东珠海举行。中共中央总书记、国家主席、中央军委主席习近平出席仪式并宣布大桥正式开通。O网页链接 67,1540288630023.jpg/,,2018-10-23
太阳王中王,港珠澳大桥今天正式开通，这一世纪工程设想，最早由香港合和公司主席胡应湘在1983年提出，具超越时代的前瞻性。以他为代表的港商在对大陆投资带来的经济发展和观念更新作用是巨大的。记得多年前时任城大校董会主席胡应湘先生的一次学校活动分享讲话对大二懵懂的我很有导向性，让我余下的校园生活不至于虚度。珍惜获得的每一次点拨，感谢朋辈的每一次分享。你有故事，我爱聆听，欢迎共赏人生百味。 收起全文d,1540288630028.jpg/1540288630028.jpg/1540288630030.jpg/1540288630031.jpg/1540288630033.jpg/1540288630035.jpg/1540288630039.jpg/1540288630047.jpg/1540288630048.jpg/,,2018-10-23
MD_默央儿,#港珠澳大桥正式开通#  你好，港珠澳大桥！你的气魄雄伟，我们的骄傲！ 2苏州 ・ 拙政园 LMD_默央儿的微博视频 67,,1540288632630.mp4,2018-10-23
王添祥V博,你好，港珠澳大桥#港珠澳大桥##港珠澳大桥正式开通# 2泉州・英良石材五号仓库 67,1540288632633.jpg/,,2018-10-23
刘二宝哟,@南方Plus：刚刚宣布，港珠澳大桥正式开通～O明天上午9点开始通车 ！它就这么好看，视频先睹为快！95 9595 >>O网页链接 看小视频，这里有点意思。 67,1540288632635.jpg/,,2018-10-23
矍樵觞N喊停,港珠澳大颍1983年思，2009年庸び昧9年rg，K於要通了，全Ls55公里，花M1100|元，10.23日⒃谥楹Ｅe行通x式，珠海，中山，江门正式M入高速l展r代。9595#港珠澳大桥正式开通# O网页链接 67,,,2018-10-23
百年大老粗,奇迹成就未来，碧海已变通途！港珠澳大桥正式开通O网页链接 67,1540288632639.jpg/,,2018-10-23
新华日报,【港珠澳大桥今正式开通 盘点超级工程中的国企力量】港珠澳大桥是我国继三峡工程、青藏铁路之后又一项重大的基础设施建设项目，被英国《卫报》誉为“现代世界七大奇迹”之一。在港珠澳大桥建设过程中，凝聚了广大国企建设者的智慧与心血。建设者们的辛勤付出，成就了这座举世瞩目的超级工程。O港珠澳大桥今正式开通 盘点超级工程中的国企力量 收起全文d,1540288632642.jpg/,,2018-10-23
广州闪电汽配,宣扬一下咱国，宏美的港珠澳大桥97#港珠澳大桥正式开通# 67,1540288632645.jpg/,,2018-10-23
fighting雅姿,港珠澳大桥正式开通，世界最长跨海大桥集桥、岛、隧于一体。为中国造点赞78157815 2中山 Lfighting雅姿的秒拍视频 67,,1540288632648.mp4,2018-10-23
湖北日报,#港珠澳大桥正式开通#【港珠澳大桥23日开通，世纪工程中的湖北贡献】港珠澳大桥23日上午开通，这个见证“中国奇迹”的新口岸，由在汉央企中建三局一公司承建。不仅是珠海口岸，还有主体桥梁、海底隧道钢管预制……这个世纪工程中，有许多“湖北贡献”，中铁大桥院、中铁大桥局、中交二航局、铁四院、中建三局、武船……湖北建桥军团在“超级工程”中均有功劳，一起了解一下。O23日，港珠澳大桥开通――世纪工程中的湖北贡献 收起全文d,,,2018-10-23
ksbtgbgm,#港珠澳大桥正式开通#  壮观！！！！一定要开车去试试 67,,,2018-10-23
河工机械学院团委学生会,【热烈庆祝港珠澳大桥正式开通】筹备6年，建设9年，历时足足15年的港珠澳大桥于今日正式开通！它跨越伶仃洋，东接香港特别行政区，西接广东省珠海市和澳门特别行政区，首次实现了珠海、澳门与香港的陆路连接，极大地缩短了三地间的距离。它全长55公里，是中国第一例集桥、双人工岛、隧道为一体的跨海通道。在世界上所有的跨海大桥中，它道路最长，埋入地底最深，车道最多，使用寿命最长，综合技术难度最高。港珠澳大桥，是无数工程师智慧的积累，是无数工人辛勤的付出，更是我们的骄傲！为港珠澳大桥点赞，为祖国喝彩！ 收起全文d,1540288632658.jpg/,,2018-10-23
重庆交通大学,【震撼航拍来了！你好，港珠澳大桥！】今天，由我校1982届桥隧专业校友孟凡超担任总设计师所建造的港珠澳大桥正式开通！它是超级跨海工程，主体工程集桥、岛、隧于一体，它是世界最长的跨海大桥，总长约55公里，120年设计使用寿命。一段航拍，先睹为快↓↓↓（来源：@人民日报）L人民日报的秒拍视频 67 收起全文d,,1540288632664.mp4,2018-10-23
梦莉Q,港珠澳大桥正式开通。每个媒体都在报道港珠澳大桥正式开通，到没有一个媒体报道了工程师是谁，他就是林鸣！ 67,,,2018-10-23
DreamFind梦飞翔,#港珠澳大桥正式开通#发布了头条文章：《你好，港珠澳大桥！我是老司机，请问“我的车可以上桥吗？”》  O你好，港珠澳大桥！我是老司机，请问“我的车可以上桥吗？” 67,,,2018-10-23
中国交建,【港珠澳大桥正式开通！中国交建承建70%以上工程！】为庆祝#港珠澳大桥正式通车# 转发本条微博，关注我们@中国交建 与@国资小新 ，我们将会在10月26日通过@微博抽奖平台 抽取两位中奖对象，送上以港珠澳大桥岛隧最终接头为原型的限量版周边！超级萌哦！（本抽奖与国资小新的抽奖互不影响哦~）悄悄说一句，微信文章也有福利送哦→O港珠澳大桥即将通车！36秒，带你在大桥上飞驰 收起全文d,1540288632672.jpg/1540288632673.jpg/1540288632675.jpg/1540288632676.jpg/1540288632678.jpg/1540288632681.jpg/,,2018-10-23
冬夏和柴米,摄影港珠澳大桥正式开通!!!又美又帅的大桥，国家之骄傲好想一睹真容，感受祝国力量photo by Kevinzhan 67,1540288632684.jpg/1540288632686.jpg/1540288632688.jpg/1540288632690.jpg/1540288632691.jpg/1540288632693.jpg/1540288632694.jpg/1540288632697.jpg/1540288632698.jpg/,,2018-10-23
blue白色的水,23日  港珠澳大桥正式开通  智慧的象征  人类的创举 67,1540288632702.jpg/1540288632704.jpg/1540288632707.jpg/,,2018-10-23
中国南方航空,今天，#港珠澳大桥正式开通#，往来港澳又多了一个选择。欢迎搭乘南航航班到珠海后乘车前往香港和澳门，还可以在飞机上俯瞰港珠澳大桥哦～ 67,,,2018-10-23
小演员崔雅涵,#港珠澳大桥正式开通#它是世界建筑史上最长的跨海大桥，“新的世界七大奇迹”之一!#厉害了我的国#等我长大了，有机会一定开车上去感受一下 67,1540288632712.jpg/1540288632712.jpg/1540288632714.jpg/1540288632716.jpg/1540288632718.jpg/1540288632719.jpg/1540288632721.jpg/1540288632724.jpg/1540288632724.jpg/,,2018-10-23
大美锦尚,#港珠澳大桥正式开通#又美又帅，有必要去感受一下世界建筑史上里程最长、投资最多、施工难度最大也是最长的跨海大桥，被英国卫报评为“新的世界七大奇迹”之一400多项新专利、7项世界之最 67,1540288632730.jpg/1540288632730.jpg/1540288632736.jpg/,,2018-10-23
合肥靓美口腔,#港珠澳大桥正式开通#历史性的一刻！港珠澳大桥美得无法形容！所有人都沸腾了！这项世纪工程究竟有多牛？它是“新的世界七大奇迹”之一！它是世界建筑史上里程最长、投资最多、施工难度最大也是世界上最长的跨海大桥！被誉为桥梁界的“珠穆朗玛峰”这里能看到360°无敌海景！ 67,,,2018-10-23
广东交通频道,【匠心筑梦，畅行港珠澳！中国交通频道带您走近港珠澳大桥】#广东出行大家帮# #港珠澳大桥正式开通# @广东发布 @平安南粤 @广东交警 @广东共青团  @中国广州发布 @广州交通  @央视新闻 @新华视点 @人民日报  @澎湃新闻 @新快报 @触电新闻 @新浪广东 @中国交通频道 @活力广东 67,1540288635289.jpg/1540288635289.jpg/1540288635291.jpg/1540288635293.jpg/1540288635293.jpg/1540288635296.jpg/,,2018-10-23
Jess坤希,今天共同见证“第七大奇迹”全世界最长跨海大桥――港珠澳大桥的正式开通！O港珠澳大桥即将通车，这10件事你要知道 67,,,2018-10-23
莫嗦Loso,"《家猫猫疱疹病毒怎么治,猫咪猫疱疹怎么应对》猫咪在有疱疹病毒的时候，可能会持续存在体内一段长时间，并没有很明显的表现出现，一般也是依靠猫咪会不会出现沉郁、打喷嚏、和咳嗽、畏光、结膜炎、和浆液性的眼和鼻分泌物、体温并且快速地提升、阵发性的打喷嚏等症状来判断，然后宠物主人就要做出以下的措施。#猫咪##宠物##港珠澳大桥正式开通##暴力伤医零容忍# -- 分享自百度搜索 O家猫猫疱疹病毒怎么治,猫咪猫疱疹怎么应对 -- 分享自百度搜索 收起全文d",,,2018-10-23
宇宙小小人,#港珠澳大桥正式开通#，央视记者独家带您一镜穿越#港珠澳大桥#。 L宇宙小小人的秒拍视频 67,,1540288635302.mp4,2018-10-23
蜗牛旅行梦,港珠澳大桥正式开通啦。#港珠澳大桥正式通车# 港珠澳大桥全长55公里，集桥、岛、隧于一体，是世界最长的跨海大桥。从香港到珠海澳门驱车仅需30分钟的车程。太厉害了91！！港珠澳大桥，凝聚着无数桥梁设计师和施工人员的智慧和汗水展现了中国最高的工程水平。请把赞美和掌声献给大桥的建设者们，他们用汗水和青春铸就了，这座举世瞩目的“超级工程”向伟大的建设者致敬。 收起全文d,,,2018-10-23
请叫我西西比,发布了头条文章：《#港珠澳大桥正式开通# 总长约55公里的超级工程，港珠澳大桥用了哪些》  O#港珠澳大桥正式开通# 总长约55公里的超级工程，港珠澳大桥用了哪些 67,,,2018-10-23
山东高速交警,"#港珠澳大桥开通#【明天，港珠澳大桥正式通车，收好这份通行指南】在伶仃洋""作画""，在大海里""穿针""，它构筑起世界级跨海通道，更被誉为桥梁界的""珠穆朗玛""。24日上午9时，港珠澳大桥将正式通车 。它究竟有多厉害？通车后，你将享有哪些便利?从珠海往返港澳，如何快速通关？港珠澳大桥通行指南↓收藏！ 收起全文d",1540288635311.jpg/1540288635314.jpg/1540288635316.jpg/1540288635318.jpg/1540288635320.jpg/1540288635322.jpg/1540288635323.jpg/1540288635325.jpg/1540288635325.jpg/,,2018-10-23
旅游科长,定了！历时14年，耗资近千亿，港珠澳大桥10月24日正式开通！ 67,1540288635332.jpg/1540288635334.jpg/1540288635334.jpg/1540288635335.jpg/1540288635342.jpg/1540288635345.jpg/1540288635349.jpg/1540288635350.jpg/1540288635354.jpg/,,2018-10-23
500px摄影社区,港珠澳大桥    今日正式开通！ #500px摄影师# @KevinZhen 用一段航拍，记录了这座世界上最长的跨海大桥从建成至开通的过程！ L500px摄影社区的秒拍视频 67,,1540288635359.mp4,2018-10-23
健康生活196004,港珠澳大桥开通        10月23日，总投资约1300亿元的港珠澳大桥正式开通。这座全长达50公里，连贯香港、珠海和澳门的大桥的开通，将把以前历时3-4小时的交通时间，缩短为30分钟左右。          港珠澳大桥开通，除了带来路程上的变化，经济、文化等层面也将带来不一样的变化，并对港珠澳三城未来的经济发展格局带来深远的影响。 2乐东黎族自治县 ・ 抱由镇 收起全文d,1540288635366.jpg/1540288635368.jpg/1540288635368.jpg/,,2018-10-23
美人戾气重sun,官宣：2018-10-23港珠澳大桥正式开通。在外面的电视看到的，珠澳口岸:合作查验，一次放行 676767,1540288635375.jpg/,,2018-10-23
Jasmin_Raul,港珠澳大桥明天正式开通了，这历史性的跨海交通工程！还记得当初《我们的侣行》里说过一句话“其实我们并不是生活在一个和平的年代，而是生活在一个和平的国家”感谢中国越来越好#港珠澳大桥正式通车# 67,1540288635384.jpg/,,2018-10-23
郑州铁院团委,"#港珠澳大桥正式开通# 【港珠澳大桥：老外漫天要价成就中国超级工程】今天正式通车的港珠澳大桥，是世界最长跨海大桥，也是中国交通史上技术最复杂、建设标准最高的工程之一，被誉为""新世界七大奇迹""之一。它的美丽雄伟世人有目共睹，但这份美丽实现的过程，那些励志的故事，却鲜为人知……@共青团中央 L新华色的秒拍视频 收起全文d",,1540288635389.mp4,2018-10-23
忘忧谷主人,#港珠澳大桥正式开通# 历时10年，全长55公里的港珠澳大桥终于通车了，创造了世界最长跨海大桥的奇迹。     港珠澳大桥属于G94珠三角环线高速的一部分，起于香港国际机场附近的香港口岸人工岛，向西接珠海/澳门口岸人工岛、珠海连接线，止于珠海洪湾，设计时速每小时100-120公里，总投资达720多亿元。今后将实行“三地三检”，24小时通关， 珠澳实行“合作查验、一次放行”，跨境巴士、穿梭巴士、跨境出租车、货运车辆、跨境私家车五类车可以上桥。     早在1983年，香港的建筑师胡应湘就提出了建造港珠澳大桥想法；2009年12月15日，港珠澳大桥正式开工建设；2016年9月27日港珠澳大桥主体工程全线贯通。2017年5月2日，港珠澳大桥沉管隧道顺利合龙；同年7月7日，港珠澳大桥海底隧道段的连接工作顺利完成。2018年5月13日，珠海高速客轮有限公司开通了港珠澳大桥海上游；同年9月28日，港珠澳大桥开展首次三地联合试运行，测试口岸运作情况。 收起全文d,,,2018-10-23
请叫我西西比,发布了头条文章：《#港珠澳大桥正式开通# 世界之最，中国骄傲！》  O#港珠澳大桥正式开通# 世界之最，中国骄傲！ 67,,,2018-10-23
Koet,#港珠澳大桥正式开通#下个月休息去坐过境大巴看看 67,,,2018-10-23
艋霉主199008,#港珠澳大桥正式开通#为珠江口增添一道亮丽的风景，也为粤港澳大湾区增强快速度发展动力，粤港澳大融合势不可挡 67,1540288635399.jpg/1540288635399.jpg/1540288635402.jpg/1540288635403.jpg/1540288635404.jpg/1540288635407.jpg/1540288635409.jpg/1540288635412.jpg/1540288635413.jpg/,,2018-10-23
A小三爷,港珠澳大桥正式开通   世界第一跨海大桥   厉害了我的国！愿祖国永远繁荣昌盛 微博视频 67,,,2018-10-23
HEIHEIG,粤港澳大湾区和所有的之前区域规划包括自贸区自贸港都不一样，主要还是粤港澳大湾区的意义在于统一战线事业的重大历史背景。什么港珠澳大桥的资金如何收回成本？香港承担了几乎一半的资金，澳门内地也有承担，但大桥和香港澳门的所有权和主权都属于国家，这种战略高度，请真的不要从经济的角度来看待。#港珠澳大桥正式开通# 收起全文d,,,2018-10-23
天地玄妙_Tyrant376850868,《港珠澳大桥正式开通！3D揭通行手册：要什么手续 花多少钱？》港珠澳大桥正式开通！3D揭通行手册：要什么手续 花多少钱？O网页链接 67,1540288637891.jpg/,,2018-10-23
潜伏_hong,【港珠澳大桥正式开通！一文看懂这项世纪工程究竟有多牛】O网页链接来自选股宝话题:粤港澳大湾区O网页链接 67,1540288637894.jpg/,,2018-10-23
成都交通运输,#桥通港珠澳#【中央广播电视总台巴士，带你驶上港珠澳大桥！】今天，港珠澳大桥正式开通！中央广播电视总台的双层巴士，成为行驶在港珠澳大桥上的第一辆大巴车，分别经过九洲航道桥、江海航道桥、青州航道桥、大桥西人工岛……看视频↓登上大巴，欣赏伶仃洋美景，一睹港珠澳大桥风采！据央视新闻  L央视新闻的微博视频 收起全文d,,1540288637898.mp4,2018-10-23
用户6581682820,今天也就是10月23日，按照预订的计划，横跨两岸三地的世纪工程――港珠澳大桥将在珠海举行开通，并于明日正式通车。港珠澳大桥全长22.9公里，由桥梁、人工岛和隧道组成，工程所处的 67,1540288637900.jpg/,,2018-10-23
嘉AKarWah,#历史一刻# 港珠澳大桥开通，明天正式通车！随着各项重大基建的落成，生活在粤港澳大湾区真的幸福 2广州 67,,,2018-10-23
小央视频,【说你不知道：记者探访最深最长的外海深埋沉管隧道】经过西人工岛后，就将进入港珠澳大桥工程难度最大的海底隧道了，隧道全长6.7公里，最深处距离海平面46米。这条世界上最深最长的外海深埋沉管隧道，要面临的不仅仅是建造上的重重难关，还要能针对火灾等突发情况具备几近完美的处理预案。#港珠澳大桥正式开通# http://t.cn/EZPDAM0L小央视频的秒拍视频 收起全文d,,1540288637904.mp4,2018-10-23
没啥也就那点事,#港珠澳大桥正式通车##港珠澳大桥正式开通# 靠左行驶还是靠右行驶(●°u°●)6702」 L没啥也就那点事的微博视频 67,,1540288637907.mp4,2018-10-23
福建东南网,#港珠澳大桥正式开通#【刚刚，习近平宣布： 港珠澳大桥正式开通！副总工程师是福建人！】历史性的一刻！港珠澳大桥美得无法形容！所有人都沸腾了！这项世纪工程究竟有多牛？它是“新的世界七大奇迹”之一！它是世界建筑史上里程最长、投资最多、施工难度最大也是世界上最长的跨海大桥！被誉为桥梁界的“珠穆朗玛峰”这里能看到360°无敌海景！O网页链接 收起全文d,1540288637911.jpg/1540288637912.jpg/1540288637914.jpg/1540288637915.jpg/1540288637918.jpg/1540288637920.jpg/,,2018-10-23
CGTN,"【#港珠澳大桥#正式开通！中央广播电视总台巴士成为第一辆驶上港珠澳大桥的大巴 上车！总台巴士带你一睹大桥风采！】 A double-decker vehicle of China Media Group has become the first bus to hit the Hong Kong-Zhuhai-Macao Bridge (HZMB) which opened on Tuesday. The 55-kilometer bridge, which is the world's longest sea-based project, will open to traffic from 9:00 a.m. on Wednesday after nearly nine years of construction. It is expected to establish a new transport link between the east and west banks of the Pearl River Delta in south China and cut down the travel time between Hong Kong, Zhuhai and Macao from three hours to less than an hour. #港珠澳通车# For more about the bridge, please read: O网页链接 收起全文d",1540288637925.jpg/1540288637926.jpg/1540288637928.jpg/1540288637932.jpg/1540288637940.jpg/1540288637941.jpg/1540288637950.jpg/1540288637953.jpg/1540288637954.jpg/,,2018-10-23
广东汕头市栏江网,港珠澳大桥正式开通! 3D科普: 40多米海底“兜风”咋呼吸 O网页链接 妙视一百秒。 来自魅族视频 2汕头 ・ 世贸 67,,,2018-10-23
币圈黄埔军校,#港珠澳大桥正式开通#中国制造港珠澳大桥 L币圈黄埔军校的微博视频 67,,1540288637976.mp4,2018-10-23
孝字辈OO,港珠澳大桥正式开通，祖国万岁，我爱中国9899。 L孝字辈OO的秒拍视频 67,,1540288637979.mp4,2018-10-23
HEIHEIG,#港珠澳大桥正式开通#港珠澳大桥和广深港高铁的正式开通，意味着粤港澳大湾区已经进入纵深发展阶段…… 67,,,2018-10-23
默如烟雨淡如尘,#港珠澳大桥正式开通#港珠澳大桥正式通车啦！我爱我的祖国，我的大中国太厉害了叭 67,1540288637983.jpg/1540288637984.jpg/1540288637985.jpg/1540288637986.jpg/1540288637989.jpg/1540288637991.jpg/1540288637992.jpg/1540288637994.jpg/1540288637996.jpg/,,2018-10-23
绵阳的那点事,#港珠澳大桥正式开通#一桥飞架粤港澳，天堑变通途！ 67,1540288638000.jpg/1540288638001.jpg/1540288638002.jpg/1540288638004.jpg/1540288638005.jpg/1540288638007.jpg/,,2018-10-23
liu璃li,凳子夫妇今日霜降，乃锦觅小仙子出生之日哇！又逢港珠澳大桥正式开通！！ 67,1540288638010.jpg/1540288638011.jpg/1540288638013.jpg/,,2018-10-23
环球纪录频道,港珠澳大桥正式开通。港珠澳大桥通车离不开中国桥梁工程的努力。来看港珠澳大桥工程师人物纪实――王东晖《八年半小时》。L环球纪录频道的秒拍视频 676767,,1540288638016.mp4,2018-10-23
Marshmello丶,世界为之惊艳，港珠澳大桥近日正式开通...…9595厉害了我的国[强][强][强] 67,1540288638019.jpg/1540288638019.jpg/1540288638022.jpg/1540288638023.jpg/1540288638030.jpg/1540288638031.jpg/,,2018-10-23
爱Music和Magic的人,港珠澳大桥正式开通在感叹中国桥梁建设的厉害之余脑海中，突然闪现了以后好多电视剧，电影，在这里取景的画面 67,1540288638046.jpg/,,2018-10-23
时间视频,【港珠澳大桥今天正式开通啦！收好这份过桥“全攻略”】港珠澳大桥开通仪式23日上午在广东珠海举行，这座连接香港、澳门、珠海目前世界上最长的跨海大桥正式通车。什么车可以上桥通行？最高时速又是是多少？旅客要自驾通过大桥，汽车保险要怎么买？猛戳视频看港珠澳大桥通行指南“全攻略”。@时间最现场 L时间最现场的秒拍视频 收起全文d,,1540288638057.mp4,2018-10-23
偶尔善良啊哦,#港珠澳大桥正式开通# 中国9899 智造 没有之一！！ 67,1540288640524.jpg/1540288640525.jpg/1540288640528.jpg/,,2018-10-23
ETtoday新,#港珠澳大桥正式通车# 【港珠澳大桥开通　世界最长跨海大桥「串联三地经济圈」】串联港珠澳三地、世界规模最大的「港珠澳大桥」23日举行开通仪式，从最初酝酿建设到如今完工通车，历经35年岁月；未来从香港到珠海澳门仅需30分钟的车程。港珠澳大桥主体工程设计负责人孟凡超指出，跨海大桥的完工，象征大陆由桥梁建设大国或交通建设大国迈入强国之列，预计将为区内经济带来几十万亿人民币的经济效益。 #ETtoday新闻云# 报导：O网页链接 (rosie) LETtoday新的秒拍视频 收起全文d,,1540288640531.mp4,2018-10-23
证券市场红周刊,【#港珠澳大桥正式开通# 大桥路线、通行费、过关…你关心的都在这里！】港珠澳大桥管理局发布了《港珠澳大桥通行指南》，对大桥路线、车辆通行、三地口岸通关、通行收费、安全保障、配套服务等方面进行了详细介绍。具体内容点击下图！#红周刊，职业投资人之选# 67,1540288640534.jpg/1540288640534.jpg/1540288640536.jpg/1540288640538.jpg/1540288640540.jpg/,,2018-10-23
_樱桃叔叔与肥鸣哥哥,#港珠澳大桥正式开通#原来上年去伶仃岛看到的是港珠澳大桥09后知后觉啊难怪如此壮观伟大工程啊 67,,,2018-10-23
许仲,港珠澳大桥23日举行开通仪式， 拟24日正式启用通车，祝贺！ 67,1540288640546.jpg/1540288640547.jpg/1540288640550.jpg/1540288640554.jpg/1540288640557.jpg/,,2018-10-23
燕郊羊,发布了头条文章：《关于港珠澳大桥的秘密！》 #港珠澳大桥正式开通# #港珠澳大桥# 港珠澳大桥  O关于港珠澳大桥的秘密！ 67,,,2018-10-23
千里之外的牛仔很忙,#港珠澳大桥正式开通# 这是韩国电视台哪个节目，把台湾掉了 2武汉・水果湖 67,1540288640565.jpg/,,2018-10-23
夏天-雨天,#港珠澳大桥正式开通#了解一下港珠澳大桥，记得那会才刚毕业工作，偶然看到电视讲述着这个超级工程，请外国团队及技术费用高昂，中国是如何克服各种难关，将自主研发技术建桥，到现今通车，是中国又一骄傲的标志性建筑 2深圳 ・ 坂田街区 67,,,2018-10-23
故乡的栀子花开,#深圳身边事##港珠澳大桥开通# 厉害了我的国！港珠澳大桥今天（10月23日）正式开通，并将于O明天上午9时正式通车 ，届时驾车从香港到珠海、澳门仅需30分钟，真是一桥飞架东西，天堑变通途！港珠澳大桥跨越伶仃洋，东接香港，西接广东珠海和澳门，总长约55公里，是粤港澳三地首次合作共建的超大型跨海交通工程。 2深圳・燕川文化广场 收起全文d,1540288640571.jpg/1540288640574.jpg/1540288640579.jpg/,,2018-10-23
HEIHEIG,#港珠澳大桥正式开通#人类建筑工程历史上的一次跨越。 67,,,2018-10-23
霹雳英虎,@兰儿   港珠澳大桥今天正式开通！可惜我不能自驾车带你领略港珠澳大桥的风采了！八月份我自驾车走了36公里的杭州湾跨海大桥！本想自驾车游55公里港珠澳大桥的，可惜不让没领港珠澳通行牌的私家车上桥！内地只发1000个号牌。看来我是不能自驾车游港珠澳大桥了哈！ 67,1540288640585.jpg/1540288640587.jpg/1540288640588.jpg/,,2018-10-23
漫步西巢鲜,两年前有幸去参观学习的港珠澳大桥正式开通了，致敬所有参建者! 2保山 ・ 兰城街区 67,1540288640592.jpg/1540288640593.jpg/1540288640596.jpg/1540288640597.jpg/1540288640600.jpg/1540288640603.jpg/,,2018-10-23
ormerly,#港珠澳大桥正式开通#我的珠海啊 67,1540288640609.jpg/,,2018-10-23
yunduan6,#港珠澳大桥正式开通#周边地区房价又要上涨了 67,1540288640614.jpg/1540288640616.jpg/1540288640620.jpg/1540288640624.jpg/1540288640627.jpg/1540288640633.jpg/,,2018-10-23
酷酷的啪嫂嫂,珠澳大桥开通，祝国家昌盛#港珠澳大桥正式通车# L酷酷的啪嫂嫂的微博视频 67,,1540288640637.mp4,2018-10-23
只忆往昔・Lin,#港珠澳大桥正式开通#合唱团考核过了就去打个卡 2珠海・吉林大学珠海学院 67,,,2018-10-23
东北大学,#东大分享##港珠澳大桥正式开通#跨海大桥建设所需的管桩钢、通航主桥的桥梁钢的工艺技术来自东北大学！港珠澳大桥建设的大量高性能绿色桥梁钢钢板应用了东北大学王昭东教授团队研发的基于新一代控轧控冷工艺。 67,1540288640643.jpg/1540288640643.jpg/1540288640645.jpg/1540288640646.jpg/1540288640648.jpg/1540288640651.jpg/1540288640655.jpg/1540288640656.jpg/1540288640659.jpg/,,2018-10-23
Morethanmeow吴止猫,港珠澳大桥今天正式开通959595被誉为桥梁界“珠穆朗玛峰”，“新世界七大奇迹之一”来吴止猫抱抱狗 撸撸猫94为祖国干杯[爱心] 2广州・猫主题吴止猫餐吧more than meow(皇宫店) 67,,,2018-10-23
KUQI漂流岛,【港珠澳大桥正式开通】创造跨海大桥的六项世界之最：最长跨海大桥：全长55公里。最长钢铁大桥：有15公里全钢箱梁。最长海底隧道：海底沉管隧道全长6.7公里。最大沉管隧道：沉管隧道总排水量75000吨。最精准深海之吻：沉管在海平面以下13米至48米的深度无人对接。最深沉管隧道：最深处在海底48米，目前世界很少有超过45米的。 收起全文d,1540288640670.jpg/1540288640671.jpg/1540288640674.jpg/1540288640678.jpg/1540288640680.jpg/1540288640682.jpg/1540288640685.jpg/1540288640688.jpg/1540288640689.jpg/,,2018-10-23
香港仁和HPVAsSZ淇,#港珠澳大桥通车#94祝R世o工程港珠澳大蚪袢战夷唬v九年工期、耗Y千|、全L55公里、世界最L的跨海蛩砉路、通三地的港珠澳大蛎魅照式_通9696大蛲ㄜ後，香港HC龅街楹Ｓ4小r大幅下降至s45分，有助固香港作^域商I，交通和物流屑~的地位919973 67,,,2018-10-23
中国刘杰,#港珠澳大桥正式开通# 跨越伶仃洋，连接粤港澳大湾区。。。 67,1540288643165.jpg/,,2018-10-23
VIxiao惠,历经9年，伟大的工程，港珠澳大桥今天举行开通仪式95 95 ，明天正式通车。愿祖国繁华昌盛，人民幸福安康！ 2中山 ・ 康乐路 67,1540288643168.jpg/1540288643168.jpg/1540288643171.jpg/,,2018-10-23
烨烨烨Yeah君,#港珠澳大桥正式开通#去珠海旅行又多了一个新地标了为祖国伟大的建设而点赞这个历史性时刻要mark一下，明天就能通车了。【港珠澳大桥有哪些世界之最？】#港珠澳大桥24日通车# ①它全长55公里，是世界上最长的跨海大桥，没有之一。②其著名的沉管隧道长达6.75公里，是全球最长的公路沉管隧道和全球唯一的深埋沉管隧道。③从筹备到建成，历时14年，被英国《卫报》誉为“新世界七大奇迹”之一！ from@新浪新闻  阅读带来的换新 收起全文d,1540288643174.jpg/1540288643175.jpg/1540288643175.jpg/1540288643177.jpg/1540288643180.jpg/1540288643181.jpg/1540288643183.jpg/1540288643185.jpg/1540288643186.jpg/,,2018-10-23
三把伞YY,#港珠澳大桥# 正式开通了，以后上桥就需要通行证了 2珠海 L三把伞YY的微博视频 67,,1540288643193.mp4,2018-10-23
法官爱民,港珠澳大桥正式开通！（震撼大图来袭）港珠澳大桥跨越伶仃洋，东接香港，西接广东珠海和澳门，总长约55公里，是粤港澳三地首次合作共建的超大型跨海交通工程。港珠澳大桥是目前世界上最长的跨海大桥，是中国从桥梁大国走向桥梁强国的里程碑之作。大桥被英国《卫报》评为“新世界七大奇迹”之一。正式通车后，港珠澳将形成“一小时生活圈”，广阔的伶仃洋，将由天堑变为通途。站在伶仃洋畔，海风拂面，让我们一起领略这座大桥壮观、震撼的景象吧～ 收起全文d,1540288643197.jpg/,,2018-10-23
学牡丹花开,热烈庆祝港珠澳大桥今天正式开通！世纪工程，落幕中国！ O网页链接 67,,,2018-10-23
繁花落尽紫蝉回,#港珠澳大桥正式开通#今年八月去香港的飞机上拍下的 当时就猜测是港珠澳大桥 真的很壮观了 67,1540288643204.jpg/1540288643204.jpg/1540288643206.jpg/,,2018-10-23
只搞帅哥的,明天港珠澳大桥正式开通的第一天我要坐巴士去看hyukoh啦 67,,,2018-10-23
张昊轩蓄势待发,#港珠澳大桥正式开通#港珠澳大桥开通！港珠澳大桥是一座连接香港、珠海和澳门的桥隧工程，历时9年建设，2018年10月24日正式通车。桥隧全长55千米，其中主桥29.6千米，是世界最长的跨海大桥。大桥主体工程采用内地右侧通行规则，届时驾车从香港到珠海、澳门仅需30分钟 ，三地口岸均实行24小时通关，为祖国骄傲自豪94 L张昊轩蓄势待发的微博视频 收起全文d,,1540288643212.mp4,2018-10-23
爱生活的BJ-8199,港珠澳大桥正式开通了，据报道总投资约480亿元。突然想到范冰冰老师，我大概算了下，演艺圈排名前100的明星每人拿点，国家就能省了。不管纳税人会不会省，至少看起来是省了，哈哈哈- 67,1540288643217.jpg/,,2018-10-23
捉谣记,#捉谣记##微博辟谣#【港珠澳大桥不允许内地车上桥？不实信息！】港珠澳大桥24日将全线正式开通，有网传大桥只允许港澳车辆通行，不允许内地车走。对此传言，捉谣记整理发现：1、并不能简单说只允许港澳，不允许内地车通行，除了跨境私家车外，桥上可通行的车辆主要是以“跨境”公共性车辆为主，比如跨境巴士、穿梭巴士、跨境出租车；2、内地私家车目前已获1000个配额，可通行大桥。详细戳：O捉谣记 收起全文d,1540288643224.jpg/1540288643226.jpg/1540288643228.jpg/,,2018-10-23
wuli小美女,#港珠澳大桥正式开通#哈哈哈！我来香港赶上了香港高铁开通，还有港珠澳大桥，还有千年一遇的大台风无话可说！想到前两天我爸妈跟我打电话让我去上海苏州工作，说可以给我在上海买个房什么鬼的我一口回绝！真是非常非常之不喜欢上海！我觉得广东真的很好啊 气候宜人环境优美城市繁华东西好吃（香港吃多了会觉得油水少真希望可以穿越回十年前，叫我爸在深圳买套房哈哈哈！ 收起全文d,,,2018-10-23
人生2017走起未来,#港珠澳大桥正式开通#希望我们大陆也同样修一天通往台湾的大桥，到时候直入台湾，消灭所有日本走狗！ 2西安 ・ 大明宫街区 67,,,2018-10-23
Ianyutongxue,#港珠澳大桥正式开通# 围观过，近距离观看有点像大怪物随时可以吃人那种 67,,,2018-10-23
漆墨w,港珠澳大桥今天正式开通，明天正式通车，看航拍视频很震撼，站在大桥上更加震撼，有幸站在中国节附近看日落，分享一下大桥的素颜照吧！通车之后应该是没有可能在桥中央拍照的机会了吧 67,,,2018-10-23
李家的李公子,『港珠澳大桥开通24日即将正式通车 这10件事你要知道 --万家热线手机站』O原标题：港珠澳大桥开通24日即将正式通车 这10件事你要知道 67,,,2018-10-23
天道酬勤感叹号,国字号超大工程‘’港珠澳大桥‘’正式开通！  O习近平宣布：港珠澳大桥正式开通 67,,,2018-10-23
成都交通运输,【今天，港珠澳大桥正式开通！】9年间，潮起潮落、寒来暑往，数以万计的建设者在伶仃洋上造桥，在大海深处“穿针”，构筑起全长55公里的世界级跨海通道。今天，港珠澳大桥正式开通，向超级工程背后的英雄们致敬！ 67详戳：O中国桥，有多牛！ 67,1540288643246.jpg/,,2018-10-23
浔之初夏,看新闻里#港珠澳大桥#正式开通，短短记录片从09年开工，到如今的通车，将近九年的点点滴滴，哎哟我这个眼窝子浅的人，看着看着就流泪了，感动，激动，震憾！ 67,,,2018-10-23
被窝PT,港珠澳大桥正式开通。港珠澳大桥跨越伶仃洋，东接香港，西接广东珠海和澳门，总长约55公里，是粤港澳三地首次合作共建的超大型跨海交通工程。真是伟大的工程，了不起的工程。有机会一定上桥溜达溜达，感受一下横跨三地、创世纪的壮观景色 67,1540288643254.jpg/1540288643254.jpg/1540288643256.jpg/,,2018-10-23
赵赵惹人爱,给自己定个目标 32周岁完成人生大事：结婚90生子92 。加油！今天是港珠澳大桥正式开通日 ，厉害了我的国！ 67,1540288645832.jpg/,,2018-10-23
国际版小助理,港珠澳大桥跨越伶仃洋，东接香港，西接广东珠海和澳门，总长约55公里，历时9年建设。今日大桥正式开通，明日通车。L人民日报的秒拍视频*来微博国际版看热门视频：O网页链接 67,,1540288645835.mp4,2018-10-23
腾领袖真享先森,#港珠澳大桥正式开通#我也赶上了，这是什手机，这么90呀，没见过，是华为吗，营销版的吗90#超大广角vivo X23# L腾领袖真享先森的微博视频 67,,1540288645837.mp4,2018-10-23
游侠点白,港珠澳大桥23日举行开通仪式 拟24日正式启用通车，瑰丽 雄伟  壮观 #中亭川传说# 武功河滩会即将开幕 2咸阳 ・ 武功镇 67,1540288645840.jpg/1540288645840.jpg/1540288645842.jpg/1540288645844.jpg/1540288645845.jpg/1540288645847.jpg/1540288645848.jpg/1540288645850.jpg/1540288645854.jpg/,,2018-10-23
淦淦437104428,#港珠澳大桥正式开通#这标题时间上再精致到分秒就好了这重要的日子不是偶然的好，高手，入宅开张出行用之却吉可以出去走一走~ 2成都 ・ 双水碾街区 67,,,2018-10-23
吉林乡村广播,【港珠澳大桥正式开通！3D科普：40多米海底“兜风”咋呼吸】23日，港珠澳大桥开通仪式在广东珠海举行，O24日上午9时将正式通车营运 。这座大桥全长约55公里，是世界上最长的跨海大桥。此外，港珠澳大桥拥有一条全长6.7公里的海底沉管隧道。在海底“兜风”如何呼吸？海底隧道设置有送风系统，该系统可将陆地空气与隧道内部空气互换。既可吸入洞外空气，也可排出汽车尾气…详情戳视频。（综合）@新京报  L新京报动新闻的秒拍视频 收起全文d,,1540288645861.mp4,2018-10-23
陶庄湖,#港珠澳大桥正式开通# 不同角度航拍港珠澳大桥 67,1540288645870.jpg/1540288645870.jpg/1540288645873.jpg/1540288645874.jpg/1540288645878.jpg/1540288645879.jpg/1540288645881.jpg/1540288645883.jpg/1540288645886.jpg/,,2018-10-23
江门人社,港珠澳大桥正式开通！海底穿针&巨龙飞驾…玩转高难度技术背后的故事有多牛？O港珠澳大桥正式开通！海底穿针&巨龙飞驾…玩转高难度技术背后的故事有多牛 67,,,2018-10-23
长安大学,#港珠澳大桥# 【为优秀长大人点赞！】港珠澳大桥今日正式开通、明日正式通车！它是超级跨海工程、历时14年筹备、建设它是世界最长的跨海大桥、总长约55公里 无数长大人在一线工作岗位上奋战了十余年这是世界桥梁史上的奇迹。有桥的地方，就有长大人！ 67,1540288645891.jpg/,,2018-10-23
星视频,【骄傲！港珠澳大桥正式开通，领略世界最长跨海大桥】10月23日上午，港珠澳大桥开通仪式在广东珠海举行，10月24日将正式通车。港珠澳大桥跨越伶仃洋，东接香港，西接广东珠海和澳门，总长约55公里，已成为世界上最长的跨海大桥，拥有世界上最长的海底沉管隧道，是粤港澳三地首次合作共建的超大型跨海交通工程。@长沙政法频道 L星视频的秒拍视频 收起全文d,,1540288645897.mp4,2018-10-23
交通发布,#中国桥有多牛# 【世界桥梁建设，20世纪70年代以前，看欧美；90年代，看日本，21世纪，则要看中国】世界上已建成的跨度超400米的斜拉桥、悬索桥分别有114座、109座，我国分别拥有59座、34座；全球在建及拟建的主跨400米以上的斜拉桥、悬索桥分别为49座、37座，我国分别占据了39座、29座。 #见证交通40年# #港珠澳大桥正式开通# 收起全文d,1540288645901.jpg/1540288645902.jpg/1540288645904.jpg/,,2018-10-23
碧海星辰之蓝,#港珠澳大桥正式开通#7月份在珠海看到港珠澳大桥，超壮观 67,1540288645912.jpg/,,2018-10-23
国资小新,【我是港珠澳大桥，今天通车了！】为庆祝#港珠澳大桥正式开通# ！转发本条微博，关注@国资小新 和大桥建设者@中国交建 ，10月26日将通过 @微博抽奖平台 抽取两位中奖对象，送上以港珠澳大桥最终接头为原型的限量版周边一个，超可爱哦~ 67,1540288645917.jpg/1540288645917.jpg/1540288645920.jpg/1540288645923.jpg/1540288645925.jpg/1540288645929.jpg/,,2018-10-23
红3224021524,《港珠澳大桥正式开通！3D揭通行手册：要什么手续 花多少钱？》好看视频-天天现金领不停O网页链接 67,,,2018-10-23
河北黄益平,中国“超级工程”#港珠澳大桥正式开通#，明天上午9点正式通车！这是世界上最长的跨海大桥，历经8年，跨越伶仃洋，东接香港，西接广东珠海和澳门，总长约55公里。这不仅是技术的突破，更促进了两岸三地区内融合，将增强港人、澳人对国家的向心力，民族认同感，为建设“中国利益共同体”注入永续动力！ 收起全文d,,,2018-10-23
南京薛峰,世界最长跨海大桥港珠澳大桥今天正式开通香港一珠海一澳门只需半小时 67,1540288645937.jpg/1540288645938.jpg/1540288645939.jpg/1540288645942.jpg/1540288645944.jpg/,,2018-10-23
你知道我有名字吗,#港珠澳大桥正式开通#珠海人骄傲，放假要走一趟了哈哈哈 67,,,2018-10-23
山东交通广播,【中铁十四局参建的世界超级工程港珠澳大桥正式开通了！】10月23日，举世瞩目的超级工程港珠澳大桥开通。通车后，来自港澳地区的车辆，通过大桥跨越珠江口之后，将通过连接线接入珠海市区，再通过国家高速公路网转往全国各地。全长55公里的港珠澳大桥包括海中桥隧主体工程，以及香港、珠海、澳门三地口岸和连接线。由中铁十四局集团参建的港珠澳大桥珠海连接线便是大桥的引桥部分，主要工程包括前山河特大桥、加林山隧道和南湾互通立交工程等。工程人员介绍，港珠澳大桥横跨航运繁忙的珠江洋面水道，为了保证大型轮船正常通航，大桥桥孔多在百米以上，引桥就像匝道立交桥一样，将百米高处的桥上车辆缓缓引入珠海市区。全长1777米的前山河特大桥是连接线的重难点控制性工程，大桥设计为波形钢腹板连续梁，主跨160米，是国内跨度最大的波形钢腹板连续梁桥。该型桥梁的最大特点是腹板采用波形结构的钢板代替传统的钢筋混凝土结构，从而彻底解决了连续梁桥腹板开裂的质量通病。采用混凝土和波形钢板的组合结构，抗震性能大幅提高。作为城市桥梁，它最大的优点是可在不中断交通的情况下进行更换、维修。2016年9月，大桥顺利合龙。经过国内外专家评定，由中铁十四局集团总结的“大跨宽幅波形钢腹板 PC 箱梁桥施工控制关键技术”为“国际领先”水平。02 2济南 ・ 朝山街 收起全文d,1540288645952.jpg/1540288645953.jpg/1540288645955.jpg/,,2018-10-23
成都日报锦观,【壮观！120秒航拍，带你俯瞰港珠澳大桥】#港珠澳大桥正式开通#！一段航拍，带你领略世界最长的跨海大桥。你好，港珠澳大桥！L人民日报的秒拍视频 @人民日报 67,,1540288645962.mp4,2018-10-23
再L一c美x,#港珠澳大桥正式开通#曾经在大屿山远眺过大桥的雄姿  67,1540288645965.jpg/,,2018-10-23
炒股六仙,港股上午吃掉了昨天的大阳线，港珠澳大桥都通车了，港股都不给点力道？？#港珠澳大桥正式开通# 67,1540288648496.jpg/,,2018-10-23
Daphne这一年都不能改名了,中国为啥要花1100亿建港珠澳大桥，世界瞩目的一刻，没看过的快看 #港珠澳大桥开通##港珠澳大桥##港珠澳大桥正式开通# O网页链接 67,,,2018-10-23
小迪的迷妹一枚,#港珠澳大桥正式开通#我要去试试 2深圳・布吉公园 67,,,2018-10-23
VanLee-Yu,#港珠澳大桥正式开通#基建狂魔兔 有点牛皮9899 67,,,2018-10-23
小二无声哥,港珠澳大桥正式开通781578157815我们真的太幸运了，这一世投生在这个时代的中国901598999899 67,1540288648502.jpg/1540288648503.jpg/1540288648504.jpg/1540288648507.jpg/1540288648507.jpg/1540288648510.jpg/,,2018-10-23
中国新闻社,#港珠澳大桥#【一图解码“桥界巅峰”港珠澳大桥“技术流”】港珠澳大桥连接香港、澳门、珠海，是目前世界上最长的跨海大桥，被英国《卫报》赞为“新世界七大奇迹”之一。今日大桥正式开通，站在伶仃洋畔，海风拂面，戳图让我们一起领略这座大桥的壮观景象吧～（张舰元 何路曼） 67,1540288648513.jpg/,,2018-10-23
古明,港珠澳大桥正式开通，路通财通，厉害了我的国！ 67,1540288648517.jpg/,,2018-10-23
房地产最新热点,发布了头条文章：《港珠澳大桥开通仪式23日上午在广东珠海举行。港珠澳大桥正式开通》  O港珠澳大桥开通仪式23日上午在广东珠海举行。港珠澳大桥正式开通 67,,,2018-10-23
军事豹,#港珠澳大桥开通#港珠澳大桥将于10月24日正式通车！全长55公里，世界第一跨海大桥，投资超1000亿人民币。厉害了我的国，感谢所有为“港珠澳大桥“付出的所有人，愿您们一生平安。我们一天天看见中国越来越强大，为我们的祖国自豪。云南人民发来贺电 L军事豹的微博视频 67,,1540288648524.mp4,2018-10-23
金湾发布,#港珠澳大桥# 【港珠澳大桥正式开通！】从设计到建设历时十四年，大国工匠，超级工程，跨越伶仃洋，东接香港、西接广东珠海和澳门，总长55公里，这是世界上最长的跨海大桥！未来 感受湾区脉搏！未来 见证湾区宏图！未来 实现湾区发展！ 67,1540288648531.jpg/,,2018-10-23
汇福HFG,发布了头条文章：《“建筑奇迹”港珠澳大桥于明天正式开通！》 据新华社电港珠澳大桥管理局19日晚发布消息称，港珠澳大桥将于2018年10月24日上午9时正式通车。从2004年3月前期工作协调小组办公室成立，到2009年12月15日正式开工建设，港珠澳大桥从设计到正式通车前后历时14年。 O“建筑奇迹”港珠澳大桥于明天正式开通！ 67,,,2018-10-23
香港文RW,【香港政界人士：以大桥沟通人心增强对国家向心力】#港珠澳大桥# 通车仪式23日在广东珠海举行，标志着在“一国两制”下，粤港澳三地首次合作共建、历经8年成就的大型跨境基建工程正式启用。香港政界人士高度评价大桥开通的意义，认为除交通网络的畅通将极大便利人员往来、促进区内融合外，更可以大桥沟通人心，增强港人对国家向心力。O网页链接 收起全文d,,,2018-10-23
黄医生v,#港珠澳大桥正式开通#你们见过这样的电话吗？古董！#18个同事共随礼1314元# 2重庆 ・ 城东街区 67,1540288648539.jpg/,,2018-10-23
诗画浦江,港珠澳大桥正式开通现在的技术真是无法想象，太先进了！去香港澳门进了一大步 67,,,2018-10-23
肇庆市旅游局,#港珠澳大桥正式开通# 带你飞越港珠澳大桥，感受这项伟大的世纪工程。连接#粤港澳大湾区# ，非常给力～美丽肇庆 L肇庆市旅游局的微博视频 67,,1540288648543.mp4,2018-10-23
新京报动新闻,【港珠澳大桥正式开通！3D揭通行手册：要什么手续 花多少钱？】10月23日#港珠澳大桥#开通仪式在珠海举行。24日上午9时许，大桥将正式通车，24小时通关，可网上购票，方便快捷。具体怎么操作？以珠海直通港澳为例，非自驾游客可乘坐跨境直通巴士、珠海机场快线等到达珠海公路口岸，另外还有六条专线可共选择；随后通过检查就可出发了。戳视频，get车次票价等通关“秘籍”。（综合）#港珠澳大桥24日通车#@新京报L新京报动新闻的秒拍视频 收起全文d,,1540288648549.mp4,2018-10-23
炳炳水彩,#珠海水彩##珠海水彩##港珠澳大桥正式通车#          一座齐心桥   梦想桥终于开通了。今天在画面上纪念下这个特殊的日子          @珠海仁恒洲际酒店 @头条新闻 @拍珠海 @珠海特区报 @珠海同城 @珠海零距离 @新浪广东珠海 @珠海市文化体育旅游局 @DV现场 @珠海交通 2珠海・港珠澳大桥 收起全文d,1540288648552.jpg/1540288648553.jpg/1540288648554.jpg/1540288648557.jpg/1540288648558.jpg/1540288648561.jpg/1540288648564.jpg/,,2018-10-23
熊猫是猫,#港珠澳大桥正式开通#我在工地上班的时候就已经去过了 L熊猫是猫的秒拍视频 67,,1540288648569.mp4,2018-10-23
卡卡股票,今天港珠澳大桥正式开通要想富，先修路。只有路修通了经济才能更有活力！打个比方：开通之前三地每年有1000万人次来往，开通之后交通便捷，来往人次增加到2000万人次，那么增加这1000万吃喝住行带动的都是GDP啊！所以我们大搞基建能够更好的盘活经济！ 67,1540288648571.jpg/,,2018-10-23
炒股六仙,大桥通了，财富就通了，未来要多关注这个板块#港珠澳大桥正式开通# 67,1540288648574.jpg/,,2018-10-23
